symbol,company,result_status,handoff_statuses,required_objects,next_workflows,packet_json,expected_result_path,template_md,validate_results_report_json
1536,和大,unknown,"{""quote"": ""resolved"", ""official_evidence"": ""input_ready"", ""valuation"": ""input_partial"", ""risk"": ""input_ready""}",research_underwrite; investment_horizon; valuation; risk_assessment,company-tearsheet + initiating-coverage; comps-valuation; portfolio-risk-management,reports/public-equity-batch/2026-07-02-tw-kline/specialist_workorders/input_packets/tw-1536.packet.json,reports/public-equity-batch/2026-07-02-tw-kline/specialist_workorders/tw-1536.result.json,reports/public-equity-batch/2026-07-02-tw-kline/specialist_workorders/result_templates/tw-1536.result.template.md,reports/public-equity-batch/2026-07-02-tw-kline/specialist_workorders/validate_results_report.json
1717,長興,unknown,"{""quote"": ""resolved"", ""official_evidence"": ""input_ready"", ""valuation"": ""input_partial"", ""risk"": ""input_ready""}",research_underwrite; investment_horizon; valuation; risk_assessment,company-tearsheet + initiating-coverage; comps-valuation; portfolio-risk-management,reports/public-equity-batch/2026-07-02-tw-kline/specialist_workorders/input_packets/tw-1717.packet.json,reports/public-equity-batch/2026-07-02-tw-kline/specialist_workorders/tw-1717.result.json,reports/public-equity-batch/2026-07-02-tw-kline/specialist_workorders/result_templates/tw-1717.result.template.md,reports/public-equity-batch/2026-07-02-tw-kline/specialist_workorders/validate_results_report.json
2105,正新,unknown,"{""quote"": ""resolved"", ""official_evidence"": ""input_ready"", ""valuation"": ""input_partial"", ""risk"": ""input_ready""}",research_underwrite; investment_horizon; valuation; risk_assessment,company-tearsheet + initiating-coverage; comps-valuation; portfolio-risk-management,reports/public-equity-batch/2026-07-02-tw-kline/specialist_workorders/input_packets/tw-2105.packet.json,reports/public-equity-batch/2026-07-02-tw-kline/specialist_workorders/tw-2105.result.json,reports/public-equity-batch/2026-07-02-tw-kline/specialist_workorders/result_templates/tw-2105.result.template.md,reports/public-equity-batch/2026-07-02-tw-kline/specialist_workorders/validate_results_report.json
2340,台亞,unknown,"{""quote"": ""resolved"", ""official_evidence"": ""input_ready"", ""valuation"": ""input_partial"", ""risk"": ""input_ready""}",research_underwrite; investment_horizon; valuation; risk_assessment,company-tearsheet + initiating-coverage; comps-valuation; portfolio-risk-management,reports/public-equity-batch/2026-07-02-tw-kline/specialist_workorders/input_packets/tw-2340.packet.json,reports/public-equity-batch/2026-07-02-tw-kline/specialist_workorders/tw-2340.result.json,reports/public-equity-batch/2026-07-02-tw-kline/specialist_workorders/result_templates/tw-2340.result.template.md,reports/public-equity-batch/2026-07-02-tw-kline/specialist_workorders/validate_results_report.json
2374,佳能,unknown,"{""quote"": ""resolved"", ""official_evidence"": ""input_ready"", ""valuation"": ""input_partial"", ""risk"": ""input_ready""}",research_underwrite; investment_horizon; valuation; risk_assessment,company-tearsheet + initiating-coverage; comps-valuation; portfolio-risk-management,reports/public-equity-batch/2026-07-02-tw-kline/specialist_workorders/input_packets/tw-2374.packet.json,reports/public-equity-batch/2026-07-02-tw-kline/specialist_workorders/tw-2374.result.json,reports/public-equity-batch/2026-07-02-tw-kline/specialist_workorders/result_templates/tw-2374.result.template.md,reports/public-equity-batch/2026-07-02-tw-kline/specialist_workorders/validate_results_report.json
2436,偉詮電,unknown,"{""quote"": ""resolved"", ""official_evidence"": ""input_ready"", ""valuation"": ""input_partial"", ""risk"": ""input_ready""}",research_underwrite; investment_horizon; valuation; risk_assessment,company-tearsheet + initiating-coverage; comps-valuation; portfolio-risk-management,reports/public-equity-batch/2026-07-02-tw-kline/specialist_workorders/input_packets/tw-2436.packet.json,reports/public-equity-batch/2026-07-02-tw-kline/specialist_workorders/tw-2436.result.json,reports/public-equity-batch/2026-07-02-tw-kline/specialist_workorders/result_templates/tw-2436.result.template.md,reports/public-equity-batch/2026-07-02-tw-kline/specialist_workorders/validate_results_report.json
2486,一詮,unknown,"{""quote"": ""resolved"", ""official_evidence"": ""input_ready"", ""valuation"": ""input_partial"", ""risk"": ""input_ready""}",research_underwrite; investment_horizon; valuation; risk_assessment,company-tearsheet + initiating-coverage; comps-valuation; portfolio-risk-management,reports/public-equity-batch/2026-07-02-tw-kline/specialist_workorders/input_packets/tw-2486.packet.json,reports/public-equity-batch/2026-07-02-tw-kline/specialist_workorders/tw-2486.result.json,reports/public-equity-batch/2026-07-02-tw-kline/specialist_workorders/result_templates/tw-2486.result.template.md,reports/public-equity-batch/2026-07-02-tw-kline/specialist_workorders/validate_results_report.json
2912,統一超,unknown,"{""quote"": ""resolved"", ""official_evidence"": ""input_ready"", ""valuation"": ""input_partial"", ""risk"": ""input_ready""}",research_underwrite; investment_horizon; valuation; risk_assessment,company-tearsheet + initiating-coverage; comps-valuation; portfolio-risk-management,reports/public-equity-batch/2026-07-02-tw-kline/specialist_workorders/input_packets/tw-2912.packet.json,reports/public-equity-batch/2026-07-02-tw-kline/specialist_workorders/tw-2912.result.json,reports/public-equity-batch/2026-07-02-tw-kline/specialist_workorders/result_templates/tw-2912.result.template.md,reports/public-equity-batch/2026-07-02-tw-kline/specialist_workorders/validate_results_report.json
3016,嘉晶,unknown,"{""quote"": ""resolved"", ""official_evidence"": ""input_ready"", ""valuation"": ""input_partial"", ""risk"": ""input_ready""}",research_underwrite; investment_horizon; valuation; risk_assessment,company-tearsheet + initiating-coverage; comps-valuation; portfolio-risk-management,reports/public-equity-batch/2026-07-02-tw-kline/specialist_workorders/input_packets/tw-3016.packet.json,reports/public-equity-batch/2026-07-02-tw-kline/specialist_workorders/tw-3016.result.json,reports/public-equity-batch/2026-07-02-tw-kline/specialist_workorders/result_templates/tw-3016.result.template.md,reports/public-equity-batch/2026-07-02-tw-kline/specialist_workorders/validate_results_report.json
3019,亞光,unknown,"{""quote"": ""resolved"", ""official_evidence"": ""input_ready"", ""valuation"": ""input_partial"", ""risk"": ""input_ready""}",research_underwrite; investment_horizon; valuation; risk_assessment,company-tearsheet + initiating-coverage; comps-valuation; portfolio-risk-management,reports/public-equity-batch/2026-07-02-tw-kline/specialist_workorders/input_packets/tw-3019.packet.json,reports/public-equity-batch/2026-07-02-tw-kline/specialist_workorders/tw-3019.result.json,reports/public-equity-batch/2026-07-02-tw-kline/specialist_workorders/result_templates/tw-3019.result.template.md,reports/public-equity-batch/2026-07-02-tw-kline/specialist_workorders/validate_results_report.json
3673,TPK-KY,unknown,"{""quote"": ""resolved"", ""official_evidence"": ""input_ready"", ""valuation"": ""input_partial"", ""risk"": ""input_ready""}",research_underwrite; investment_horizon; valuation; risk_assessment,company-tearsheet + initiating-coverage; comps-valuation; portfolio-risk-management,reports/public-equity-batch/2026-07-02-tw-kline/specialist_workorders/input_packets/tw-3673.packet.json,reports/public-equity-batch/2026-07-02-tw-kline/specialist_workorders/tw-3673.result.json,reports/public-equity-batch/2026-07-02-tw-kline/specialist_workorders/result_templates/tw-3673.result.template.md,reports/public-equity-batch/2026-07-02-tw-kline/specialist_workorders/validate_results_report.json
3715,定穎投控,unknown,"{""quote"": ""resolved"", ""official_evidence"": ""input_ready"", ""valuation"": ""input_partial"", ""risk"": ""input_ready""}",research_underwrite; investment_horizon; valuation; risk_assessment,company-tearsheet + initiating-coverage; comps-valuation; portfolio-risk-management,reports/public-equity-batch/2026-07-02-tw-kline/specialist_workorders/input_packets/tw-3715.packet.json,reports/public-equity-batch/2026-07-02-tw-kline/specialist_workorders/tw-3715.result.json,reports/public-equity-batch/2026-07-02-tw-kline/specialist_workorders/result_templates/tw-3715.result.template.md,reports/public-equity-batch/2026-07-02-tw-kline/specialist_workorders/validate_results_report.json
4585,達明,unknown,"{""quote"": ""resolved"", ""official_evidence"": ""input_ready"", ""valuation"": ""input_partial"", ""risk"": ""input_ready""}",research_underwrite; investment_horizon; valuation; risk_assessment,company-tearsheet + initiating-coverage; comps-valuation; portfolio-risk-management,reports/public-equity-batch/2026-07-02-tw-kline/specialist_workorders/input_packets/tw-4585.packet.json,reports/public-equity-batch/2026-07-02-tw-kline/specialist_workorders/tw-4585.result.json,reports/public-equity-batch/2026-07-02-tw-kline/specialist_workorders/result_templates/tw-4585.result.template.md,reports/public-equity-batch/2026-07-02-tw-kline/specialist_workorders/validate_results_report.json
4919,新唐,unknown,"{""quote"": ""resolved"", ""official_evidence"": ""input_ready"", ""valuation"": ""input_partial"", ""risk"": ""input_ready""}",research_underwrite; investment_horizon; valuation; risk_assessment,company-tearsheet + initiating-coverage; comps-valuation; portfolio-risk-management,reports/public-equity-batch/2026-07-02-tw-kline/specialist_workorders/input_packets/tw-4919.packet.json,reports/public-equity-batch/2026-07-02-tw-kline/specialist_workorders/tw-4919.result.json,reports/public-equity-batch/2026-07-02-tw-kline/specialist_workorders/result_templates/tw-4919.result.template.md,reports/public-equity-batch/2026-07-02-tw-kline/specialist_workorders/validate_results_report.json
5285,界霖,unknown,"{""quote"": ""resolved"", ""official_evidence"": ""input_ready"", ""valuation"": ""input_partial"", ""risk"": ""input_ready""}",research_underwrite; investment_horizon; valuation; risk_assessment,company-tearsheet + initiating-coverage; comps-valuation; portfolio-risk-management,reports/public-equity-batch/2026-07-02-tw-kline/specialist_workorders/input_packets/tw-5285.packet.json,reports/public-equity-batch/2026-07-02-tw-kline/specialist_workorders/tw-5285.result.json,reports/public-equity-batch/2026-07-02-tw-kline/specialist_workorders/result_templates/tw-5285.result.template.md,reports/public-equity-batch/2026-07-02-tw-kline/specialist_workorders/validate_results_report.json
5871,中租-KY,unknown,"{""quote"": ""resolved"", ""official_evidence"": ""input_ready"", ""valuation"": ""input_partial"", ""risk"": ""input_ready""}",research_underwrite; investment_horizon; valuation; risk_assessment,company-tearsheet + initiating-coverage; comps-valuation; portfolio-risk-management,reports/public-equity-batch/2026-07-02-tw-kline/specialist_workorders/input_packets/tw-5871.packet.json,reports/public-equity-batch/2026-07-02-tw-kline/specialist_workorders/tw-5871.result.json,reports/public-equity-batch/2026-07-02-tw-kline/specialist_workorders/result_templates/tw-5871.result.template.md,reports/public-equity-batch/2026-07-02-tw-kline/specialist_workorders/validate_results_report.json
6215,和椿,unknown,"{""quote"": ""resolved"", ""official_evidence"": ""input_ready"", ""valuation"": ""input_partial"", ""risk"": ""input_ready""}",research_underwrite; investment_horizon; valuation; risk_assessment,company-tearsheet + initiating-coverage; comps-valuation; portfolio-risk-management,reports/public-equity-batch/2026-07-02-tw-kline/specialist_workorders/input_packets/tw-6215.packet.json,reports/public-equity-batch/2026-07-02-tw-kline/specialist_workorders/tw-6215.result.json,reports/public-equity-batch/2026-07-02-tw-kline/specialist_workorders/result_templates/tw-6215.result.template.md,reports/public-equity-batch/2026-07-02-tw-kline/specialist_workorders/validate_results_report.json
6505,台塑化,unknown,"{""quote"": ""resolved"", ""official_evidence"": ""input_ready"", ""valuation"": ""input_partial"", ""risk"": ""input_ready""}",research_underwrite; investment_horizon; valuation; risk_assessment,company-tearsheet + initiating-coverage; comps-valuation; portfolio-risk-management,reports/public-equity-batch/2026-07-02-tw-kline/specialist_workorders/input_packets/tw-6505.packet.json,reports/public-equity-batch/2026-07-02-tw-kline/specialist_workorders/tw-6505.result.json,reports/public-equity-batch/2026-07-02-tw-kline/specialist_workorders/result_templates/tw-6505.result.template.md,reports/public-equity-batch/2026-07-02-tw-kline/specialist_workorders/validate_results_report.json
6937,天虹,unknown,"{""quote"": ""resolved"", ""official_evidence"": ""input_ready"", ""valuation"": ""input_partial"", ""risk"": ""input_ready""}",research_underwrite; investment_horizon; valuation; risk_assessment,company-tearsheet + initiating-coverage; comps-valuation; portfolio-risk-management,reports/public-equity-batch/2026-07-02-tw-kline/specialist_workorders/input_packets/tw-6937.packet.json,reports/public-equity-batch/2026-07-02-tw-kline/specialist_workorders/tw-6937.result.json,reports/public-equity-batch/2026-07-02-tw-kline/specialist_workorders/result_templates/tw-6937.result.template.md,reports/public-equity-batch/2026-07-02-tw-kline/specialist_workorders/validate_results_report.json
6944,兆聯實業,unknown,"{""quote"": ""resolved"", ""official_evidence"": ""input_ready"", ""valuation"": ""input_partial"", ""risk"": ""input_ready""}",research_underwrite; investment_horizon; valuation; risk_assessment,company-tearsheet + initiating-coverage; comps-valuation; portfolio-risk-management,reports/public-equity-batch/2026-07-02-tw-kline/specialist_workorders/input_packets/tw-6944.packet.json,reports/public-equity-batch/2026-07-02-tw-kline/specialist_workorders/tw-6944.result.json,reports/public-equity-batch/2026-07-02-tw-kline/specialist_workorders/result_templates/tw-6944.result.template.md,reports/public-equity-batch/2026-07-02-tw-kline/specialist_workorders/validate_results_report.json
8070,長華*,unknown,"{""quote"": ""resolved"", ""official_evidence"": ""input_ready"", ""valuation"": ""input_partial"", ""risk"": ""input_ready""}",research_underwrite; investment_horizon; valuation; risk_assessment,company-tearsheet + initiating-coverage; comps-valuation; portfolio-risk-management,reports/public-equity-batch/2026-07-02-tw-kline/specialist_workorders/input_packets/tw-8070.packet.json,reports/public-equity-batch/2026-07-02-tw-kline/specialist_workorders/tw-8070.result.json,reports/public-equity-batch/2026-07-02-tw-kline/specialist_workorders/result_templates/tw-8070.result.template.md,reports/public-equity-batch/2026-07-02-tw-kline/specialist_workorders/validate_results_report.json
1102,亞泥,unknown,"{""quote"": ""resolved"", ""official_evidence"": ""input_ready"", ""valuation"": ""input_partial"", ""risk"": ""input_ready""}",research_underwrite; investment_horizon; valuation; risk_assessment,company-tearsheet + initiating-coverage; comps-valuation; portfolio-risk-management,reports/public-equity-batch/2026-07-02-tw-kline/specialist_workorders/input_packets/tw-1102.packet.json,reports/public-equity-batch/2026-07-02-tw-kline/specialist_workorders/tw-1102.result.json,reports/public-equity-batch/2026-07-02-tw-kline/specialist_workorders/result_templates/tw-1102.result.template.md,reports/public-equity-batch/2026-07-02-tw-kline/specialist_workorders/validate_results_report.json
1216,統一,unknown,"{""quote"": ""resolved"", ""official_evidence"": ""input_ready"", ""valuation"": ""input_partial"", ""risk"": ""input_ready""}",research_underwrite; investment_horizon; valuation; risk_assessment,company-tearsheet + initiating-coverage; comps-valuation; portfolio-risk-management,reports/public-equity-batch/2026-07-02-tw-kline/specialist_workorders/input_packets/tw-1216.packet.json,reports/public-equity-batch/2026-07-02-tw-kline/specialist_workorders/tw-1216.result.json,reports/public-equity-batch/2026-07-02-tw-kline/specialist_workorders/result_templates/tw-1216.result.template.md,reports/public-equity-batch/2026-07-02-tw-kline/specialist_workorders/validate_results_report.json
1308,亞聚,unknown,"{""quote"": ""resolved"", ""official_evidence"": ""input_ready"", ""valuation"": ""input_partial"", ""risk"": ""input_ready""}",research_underwrite; investment_horizon; valuation; risk_assessment,company-tearsheet + initiating-coverage; comps-valuation; portfolio-risk-management,reports/public-equity-batch/2026-07-02-tw-kline/specialist_workorders/input_packets/tw-1308.packet.json,reports/public-equity-batch/2026-07-02-tw-kline/specialist_workorders/tw-1308.result.json,reports/public-equity-batch/2026-07-02-tw-kline/specialist_workorders/result_templates/tw-1308.result.template.md,reports/public-equity-batch/2026-07-02-tw-kline/specialist_workorders/validate_results_report.json
1309,台達化,unknown,"{""quote"": ""resolved"", ""official_evidence"": ""input_ready"", ""valuation"": ""input_partial"", ""risk"": ""input_ready""}",research_underwrite; investment_horizon; valuation; risk_assessment,company-tearsheet + initiating-coverage; comps-valuation; portfolio-risk-management,reports/public-equity-batch/2026-07-02-tw-kline/specialist_workorders/input_packets/tw-1309.packet.json,reports/public-equity-batch/2026-07-02-tw-kline/specialist_workorders/tw-1309.result.json,reports/public-equity-batch/2026-07-02-tw-kline/specialist_workorders/result_templates/tw-1309.result.template.md,reports/public-equity-batch/2026-07-02-tw-kline/specialist_workorders/validate_results_report.json
1342,八貫,unknown,"{""quote"": ""resolved"", ""official_evidence"": ""input_ready"", ""valuation"": ""input_partial"", ""risk"": ""input_ready""}",research_underwrite; investment_horizon; valuation; risk_assessment,company-tearsheet + initiating-coverage; comps-valuation; portfolio-risk-management,reports/public-equity-batch/2026-07-02-tw-kline/specialist_workorders/input_packets/tw-1342.packet.json,reports/public-equity-batch/2026-07-02-tw-kline/specialist_workorders/tw-1342.result.json,reports/public-equity-batch/2026-07-02-tw-kline/specialist_workorders/result_templates/tw-1342.result.template.md,reports/public-equity-batch/2026-07-02-tw-kline/specialist_workorders/validate_results_report.json
1440,南紡,unknown,"{""quote"": ""resolved"", ""official_evidence"": ""input_ready"", ""valuation"": ""input_partial"", ""risk"": ""input_ready""}",research_underwrite; investment_horizon; valuation; risk_assessment,company-tearsheet + initiating-coverage; comps-valuation; portfolio-risk-management,reports/public-equity-batch/2026-07-02-tw-kline/specialist_workorders/input_packets/tw-1440.packet.json,reports/public-equity-batch/2026-07-02-tw-kline/specialist_workorders/tw-1440.result.json,reports/public-equity-batch/2026-07-02-tw-kline/specialist_workorders/result_templates/tw-1440.result.template.md,reports/public-equity-batch/2026-07-02-tw-kline/specialist_workorders/validate_results_report.json
1503,士電,unknown,"{""quote"": ""resolved"", ""official_evidence"": ""input_ready"", ""valuation"": ""input_partial"", ""risk"": ""input_ready""}",research_underwrite; investment_horizon; valuation; risk_assessment,company-tearsheet + initiating-coverage; comps-valuation; portfolio-risk-management,reports/public-equity-batch/2026-07-02-tw-kline/specialist_workorders/input_packets/tw-1503.packet.json,reports/public-equity-batch/2026-07-02-tw-kline/specialist_workorders/tw-1503.result.json,reports/public-equity-batch/2026-07-02-tw-kline/specialist_workorders/result_templates/tw-1503.result.template.md,reports/public-equity-batch/2026-07-02-tw-kline/specialist_workorders/validate_results_report.json
1513,中興電,unknown,"{""quote"": ""resolved"", ""official_evidence"": ""input_ready"", ""valuation"": ""input_partial"", ""risk"": ""input_ready""}",research_underwrite; investment_horizon; valuation; risk_assessment,company-tearsheet + initiating-coverage; comps-valuation; portfolio-risk-management,reports/public-equity-batch/2026-07-02-tw-kline/specialist_workorders/input_packets/tw-1513.packet.json,reports/public-equity-batch/2026-07-02-tw-kline/specialist_workorders/tw-1513.result.json,reports/public-equity-batch/2026-07-02-tw-kline/specialist_workorders/result_templates/tw-1513.result.template.md,reports/public-equity-batch/2026-07-02-tw-kline/specialist_workorders/validate_results_report.json
1528,恩德,unknown,"{""quote"": ""resolved"", ""official_evidence"": ""input_ready"", ""valuation"": ""input_partial"", ""risk"": ""input_ready""}",research_underwrite; investment_horizon; valuation; risk_assessment,company-tearsheet + initiating-coverage; comps-valuation; portfolio-risk-management,reports/public-equity-batch/2026-07-02-tw-kline/specialist_workorders/input_packets/tw-1528.packet.json,reports/public-equity-batch/2026-07-02-tw-kline/specialist_workorders/tw-1528.result.json,reports/public-equity-batch/2026-07-02-tw-kline/specialist_workorders/result_templates/tw-1528.result.template.md,reports/public-equity-batch/2026-07-02-tw-kline/specialist_workorders/validate_results_report.json
1560,中砂,unknown,"{""quote"": ""resolved"", ""official_evidence"": ""input_ready"", ""valuation"": ""input_partial"", ""risk"": ""input_ready""}",research_underwrite; investment_horizon; valuation; risk_assessment,company-tearsheet + initiating-coverage; comps-valuation; portfolio-risk-management,reports/public-equity-batch/2026-07-02-tw-kline/specialist_workorders/input_packets/tw-1560.packet.json,reports/public-equity-batch/2026-07-02-tw-kline/specialist_workorders/tw-1560.result.json,reports/public-equity-batch/2026-07-02-tw-kline/specialist_workorders/result_templates/tw-1560.result.template.md,reports/public-equity-batch/2026-07-02-tw-kline/specialist_workorders/validate_results_report.json
1597,直得,unknown,"{""quote"": ""resolved"", ""official_evidence"": ""input_ready"", ""valuation"": ""input_partial"", ""risk"": ""input_ready""}",research_underwrite; investment_horizon; valuation; risk_assessment,company-tearsheet + initiating-coverage; comps-valuation; portfolio-risk-management,reports/public-equity-batch/2026-07-02-tw-kline/specialist_workorders/input_packets/tw-1597.packet.json,reports/public-equity-batch/2026-07-02-tw-kline/specialist_workorders/tw-1597.result.json,reports/public-equity-batch/2026-07-02-tw-kline/specialist_workorders/result_templates/tw-1597.result.template.md,reports/public-equity-batch/2026-07-02-tw-kline/specialist_workorders/validate_results_report.json
1711,永光,unknown,"{""quote"": ""resolved"", ""official_evidence"": ""input_ready"", ""valuation"": ""input_partial"", ""risk"": ""input_ready""}",research_underwrite; investment_horizon; valuation; risk_assessment,company-tearsheet + initiating-coverage; comps-valuation; portfolio-risk-management,reports/public-equity-batch/2026-07-02-tw-kline/specialist_workorders/input_packets/tw-1711.packet.json,reports/public-equity-batch/2026-07-02-tw-kline/specialist_workorders/tw-1711.result.json,reports/public-equity-batch/2026-07-02-tw-kline/specialist_workorders/result_templates/tw-1711.result.template.md,reports/public-equity-batch/2026-07-02-tw-kline/specialist_workorders/validate_results_report.json
1722,台肥,unknown,"{""quote"": ""resolved"", ""official_evidence"": ""input_ready"", ""valuation"": ""input_partial"", ""risk"": ""input_ready""}",research_underwrite; investment_horizon; valuation; risk_assessment,company-tearsheet + initiating-coverage; comps-valuation; portfolio-risk-management,reports/public-equity-batch/2026-07-02-tw-kline/specialist_workorders/input_packets/tw-1722.packet.json,reports/public-equity-batch/2026-07-02-tw-kline/specialist_workorders/tw-1722.result.json,reports/public-equity-batch/2026-07-02-tw-kline/specialist_workorders/result_templates/tw-1722.result.template.md,reports/public-equity-batch/2026-07-02-tw-kline/specialist_workorders/validate_results_report.json
1810,和成,unknown,"{""quote"": ""resolved"", ""official_evidence"": ""input_ready"", ""valuation"": ""input_partial"", ""risk"": ""input_ready""}",research_underwrite; investment_horizon; valuation; risk_assessment,company-tearsheet + initiating-coverage; comps-valuation; portfolio-risk-management,reports/public-equity-batch/2026-07-02-tw-kline/specialist_workorders/input_packets/tw-1810.packet.json,reports/public-equity-batch/2026-07-02-tw-kline/specialist_workorders/tw-1810.result.json,reports/public-equity-batch/2026-07-02-tw-kline/specialist_workorders/result_templates/tw-1810.result.template.md,reports/public-equity-batch/2026-07-02-tw-kline/specialist_workorders/validate_results_report.json
1904,正隆,unknown,"{""quote"": ""resolved"", ""official_evidence"": ""input_ready"", ""valuation"": ""input_partial"", ""risk"": ""input_ready""}",research_underwrite; investment_horizon; valuation; risk_assessment,company-tearsheet + initiating-coverage; comps-valuation; portfolio-risk-management,reports/public-equity-batch/2026-07-02-tw-kline/specialist_workorders/input_packets/tw-1904.packet.json,reports/public-equity-batch/2026-07-02-tw-kline/specialist_workorders/tw-1904.result.json,reports/public-equity-batch/2026-07-02-tw-kline/specialist_workorders/result_templates/tw-1904.result.template.md,reports/public-equity-batch/2026-07-02-tw-kline/specialist_workorders/validate_results_report.json
2006,東和鋼鐵,unknown,"{""quote"": ""resolved"", ""official_evidence"": ""input_ready"", ""valuation"": ""input_partial"", ""risk"": ""input_ready""}",research_underwrite; investment_horizon; valuation; risk_assessment,company-tearsheet + initiating-coverage; comps-valuation; portfolio-risk-management,reports/public-equity-batch/2026-07-02-tw-kline/specialist_workorders/input_packets/tw-2006.packet.json,reports/public-equity-batch/2026-07-02-tw-kline/specialist_workorders/tw-2006.result.json,reports/public-equity-batch/2026-07-02-tw-kline/specialist_workorders/result_templates/tw-2006.result.template.md,reports/public-equity-batch/2026-07-02-tw-kline/specialist_workorders/validate_results_report.json
2101,南港,unknown,"{""quote"": ""resolved"", ""official_evidence"": ""input_ready"", ""valuation"": ""input_partial"", ""risk"": ""input_ready""}",research_underwrite; investment_horizon; valuation; risk_assessment,company-tearsheet + initiating-coverage; comps-valuation; portfolio-risk-management,reports/public-equity-batch/2026-07-02-tw-kline/specialist_workorders/input_packets/tw-2101.packet.json,reports/public-equity-batch/2026-07-02-tw-kline/specialist_workorders/tw-2101.result.json,reports/public-equity-batch/2026-07-02-tw-kline/specialist_workorders/result_templates/tw-2101.result.template.md,reports/public-equity-batch/2026-07-02-tw-kline/specialist_workorders/validate_results_report.json
2201,裕隆,unknown,"{""quote"": ""resolved"", ""official_evidence"": ""input_ready"", ""valuation"": ""input_partial"", ""risk"": ""input_ready""}",research_underwrite; investment_horizon; valuation; risk_assessment,company-tearsheet + initiating-coverage; comps-valuation; portfolio-risk-management,reports/public-equity-batch/2026-07-02-tw-kline/specialist_workorders/input_packets/tw-2201.packet.json,reports/public-equity-batch/2026-07-02-tw-kline/specialist_workorders/tw-2201.result.json,reports/public-equity-batch/2026-07-02-tw-kline/specialist_workorders/result_templates/tw-2201.result.template.md,reports/public-equity-batch/2026-07-02-tw-kline/specialist_workorders/validate_results_report.json
2206,三陽工業,unknown,"{""quote"": ""resolved"", ""official_evidence"": ""input_ready"", ""valuation"": ""input_partial"", ""risk"": ""input_ready""}",research_underwrite; investment_horizon; valuation; risk_assessment,company-tearsheet + initiating-coverage; comps-valuation; portfolio-risk-management,reports/public-equity-batch/2026-07-02-tw-kline/specialist_workorders/input_packets/tw-2206.packet.json,reports/public-equity-batch/2026-07-02-tw-kline/specialist_workorders/tw-2206.result.json,reports/public-equity-batch/2026-07-02-tw-kline/specialist_workorders/result_templates/tw-2206.result.template.md,reports/public-equity-batch/2026-07-02-tw-kline/specialist_workorders/validate_results_report.json
2208,台船,unknown,"{""quote"": ""resolved"", ""official_evidence"": ""input_ready"", ""valuation"": ""input_partial"", ""risk"": ""input_ready""}",research_underwrite; investment_horizon; valuation; risk_assessment,company-tearsheet + initiating-coverage; comps-valuation; portfolio-risk-management,reports/public-equity-batch/2026-07-02-tw-kline/specialist_workorders/input_packets/tw-2208.packet.json,reports/public-equity-batch/2026-07-02-tw-kline/specialist_workorders/tw-2208.result.json,reports/public-equity-batch/2026-07-02-tw-kline/specialist_workorders/result_templates/tw-2208.result.template.md,reports/public-equity-batch/2026-07-02-tw-kline/specialist_workorders/validate_results_report.json
2323,中環,unknown,"{""quote"": ""resolved"", ""official_evidence"": ""input_ready"", ""valuation"": ""input_partial"", ""risk"": ""input_ready""}",research_underwrite; investment_horizon; valuation; risk_assessment,company-tearsheet + initiating-coverage; comps-valuation; portfolio-risk-management,reports/public-equity-batch/2026-07-02-tw-kline/specialist_workorders/input_packets/tw-2323.packet.json,reports/public-equity-batch/2026-07-02-tw-kline/specialist_workorders/tw-2323.result.json,reports/public-equity-batch/2026-07-02-tw-kline/specialist_workorders/result_templates/tw-2323.result.template.md,reports/public-equity-batch/2026-07-02-tw-kline/specialist_workorders/validate_results_report.json
2359,所羅門,unknown,"{""quote"": ""resolved"", ""official_evidence"": ""input_ready"", ""valuation"": ""input_partial"", ""risk"": ""input_ready""}",research_underwrite; investment_horizon; valuation; risk_assessment,company-tearsheet + initiating-coverage; comps-valuation; portfolio-risk-management,reports/public-equity-batch/2026-07-02-tw-kline/specialist_workorders/input_packets/tw-2359.packet.json,reports/public-equity-batch/2026-07-02-tw-kline/specialist_workorders/tw-2359.result.json,reports/public-equity-batch/2026-07-02-tw-kline/specialist_workorders/result_templates/tw-2359.result.template.md,reports/public-equity-batch/2026-07-02-tw-kline/specialist_workorders/validate_results_report.json
2401,凌陽,unknown,"{""quote"": ""resolved"", ""official_evidence"": ""input_ready"", ""valuation"": ""input_partial"", ""risk"": ""input_ready""}",research_underwrite; investment_horizon; valuation; risk_assessment,company-tearsheet + initiating-coverage; comps-valuation; portfolio-risk-management,reports/public-equity-batch/2026-07-02-tw-kline/specialist_workorders/input_packets/tw-2401.packet.json,reports/public-equity-batch/2026-07-02-tw-kline/specialist_workorders/tw-2401.result.json,reports/public-equity-batch/2026-07-02-tw-kline/specialist_workorders/result_templates/tw-2401.result.template.md,reports/public-equity-batch/2026-07-02-tw-kline/specialist_workorders/validate_results_report.json
2404,漢唐,unknown,"{""quote"": ""resolved"", ""official_evidence"": ""input_ready"", ""valuation"": ""input_partial"", ""risk"": ""input_ready""}",research_underwrite; investment_horizon; valuation; risk_assessment,company-tearsheet + initiating-coverage; comps-valuation; portfolio-risk-management,reports/public-equity-batch/2026-07-02-tw-kline/specialist_workorders/input_packets/tw-2404.packet.json,reports/public-equity-batch/2026-07-02-tw-kline/specialist_workorders/tw-2404.result.json,reports/public-equity-batch/2026-07-02-tw-kline/specialist_workorders/result_templates/tw-2404.result.template.md,reports/public-equity-batch/2026-07-02-tw-kline/specialist_workorders/validate_results_report.json
2417,圓剛,unknown,"{""quote"": ""resolved"", ""official_evidence"": ""input_ready"", ""valuation"": ""input_partial"", ""risk"": ""input_ready""}",research_underwrite; investment_horizon; valuation; risk_assessment,company-tearsheet + initiating-coverage; comps-valuation; portfolio-risk-management,reports/public-equity-batch/2026-07-02-tw-kline/specialist_workorders/input_packets/tw-2417.packet.json,reports/public-equity-batch/2026-07-02-tw-kline/specialist_workorders/tw-2417.result.json,reports/public-equity-batch/2026-07-02-tw-kline/specialist_workorders/result_templates/tw-2417.result.template.md,reports/public-equity-batch/2026-07-02-tw-kline/specialist_workorders/validate_results_report.json
2421,建準,unknown,"{""quote"": ""resolved"", ""official_evidence"": ""input_ready"", ""valuation"": ""input_partial"", ""risk"": ""input_ready""}",research_underwrite; investment_horizon; valuation; risk_assessment,company-tearsheet + initiating-coverage; comps-valuation; portfolio-risk-management,reports/public-equity-batch/2026-07-02-tw-kline/specialist_workorders/input_packets/tw-2421.packet.json,reports/public-equity-batch/2026-07-02-tw-kline/specialist_workorders/tw-2421.result.json,reports/public-equity-batch/2026-07-02-tw-kline/specialist_workorders/result_templates/tw-2421.result.template.md,reports/public-equity-batch/2026-07-02-tw-kline/specialist_workorders/validate_results_report.json
2427,三商電,unknown,"{""quote"": ""resolved"", ""official_evidence"": ""input_ready"", ""valuation"": ""input_partial"", ""risk"": ""input_ready""}",research_underwrite; investment_horizon; valuation; risk_assessment,company-tearsheet + initiating-coverage; comps-valuation; portfolio-risk-management,reports/public-equity-batch/2026-07-02-tw-kline/specialist_workorders/input_packets/tw-2427.packet.json,reports/public-equity-batch/2026-07-02-tw-kline/specialist_workorders/tw-2427.result.json,reports/public-equity-batch/2026-07-02-tw-kline/specialist_workorders/result_templates/tw-2427.result.template.md,reports/public-equity-batch/2026-07-02-tw-kline/specialist_workorders/validate_results_report.json
2457,飛宏,unknown,"{""quote"": ""resolved"", ""official_evidence"": ""input_ready"", ""valuation"": ""input_partial"", ""risk"": ""input_ready""}",research_underwrite; investment_horizon; valuation; risk_assessment,company-tearsheet + initiating-coverage; comps-valuation; portfolio-risk-management,reports/public-equity-batch/2026-07-02-tw-kline/specialist_workorders/input_packets/tw-2457.packet.json,reports/public-equity-batch/2026-07-02-tw-kline/specialist_workorders/tw-2457.result.json,reports/public-equity-batch/2026-07-02-tw-kline/specialist_workorders/result_templates/tw-2457.result.template.md,reports/public-equity-batch/2026-07-02-tw-kline/specialist_workorders/validate_results_report.json
2468,華經,unknown,"{""quote"": ""resolved"", ""official_evidence"": ""input_ready"", ""valuation"": ""input_partial"", ""risk"": ""input_ready""}",research_underwrite; investment_horizon; valuation; risk_assessment,company-tearsheet + initiating-coverage; comps-valuation; portfolio-risk-management,reports/public-equity-batch/2026-07-02-tw-kline/specialist_workorders/input_packets/tw-2468.packet.json,reports/public-equity-batch/2026-07-02-tw-kline/specialist_workorders/tw-2468.result.json,reports/public-equity-batch/2026-07-02-tw-kline/specialist_workorders/result_templates/tw-2468.result.template.md,reports/public-equity-batch/2026-07-02-tw-kline/specialist_workorders/validate_results_report.json
2474,可成,unknown,"{""quote"": ""resolved"", ""official_evidence"": ""input_ready"", ""valuation"": ""input_partial"", ""risk"": ""input_ready""}",research_underwrite; investment_horizon; valuation; risk_assessment,company-tearsheet + initiating-coverage; comps-valuation; portfolio-risk-management,reports/public-equity-batch/2026-07-02-tw-kline/specialist_workorders/input_packets/tw-2474.packet.json,reports/public-equity-batch/2026-07-02-tw-kline/specialist_workorders/tw-2474.result.json,reports/public-equity-batch/2026-07-02-tw-kline/specialist_workorders/result_templates/tw-2474.result.template.md,reports/public-equity-batch/2026-07-02-tw-kline/specialist_workorders/validate_results_report.json
2476,鉅祥,unknown,"{""quote"": ""resolved"", ""official_evidence"": ""input_ready"", ""valuation"": ""input_partial"", ""risk"": ""input_ready""}",research_underwrite; investment_horizon; valuation; risk_assessment,company-tearsheet + initiating-coverage; comps-valuation; portfolio-risk-management,reports/public-equity-batch/2026-07-02-tw-kline/specialist_workorders/input_packets/tw-2476.packet.json,reports/public-equity-batch/2026-07-02-tw-kline/specialist_workorders/tw-2476.result.json,reports/public-equity-batch/2026-07-02-tw-kline/specialist_workorders/result_templates/tw-2476.result.template.md,reports/public-equity-batch/2026-07-02-tw-kline/specialist_workorders/validate_results_report.json
2495,普安,unknown,"{""quote"": ""resolved"", ""official_evidence"": ""input_ready"", ""valuation"": ""input_partial"", ""risk"": ""input_ready""}",research_underwrite; investment_horizon; valuation; risk_assessment,company-tearsheet + initiating-coverage; comps-valuation; portfolio-risk-management,reports/public-equity-batch/2026-07-02-tw-kline/specialist_workorders/input_packets/tw-2495.packet.json,reports/public-equity-batch/2026-07-02-tw-kline/specialist_workorders/tw-2495.result.json,reports/public-equity-batch/2026-07-02-tw-kline/specialist_workorders/result_templates/tw-2495.result.template.md,reports/public-equity-batch/2026-07-02-tw-kline/specialist_workorders/validate_results_report.json
2542,興富發,unknown,"{""quote"": ""resolved"", ""official_evidence"": ""input_ready"", ""valuation"": ""input_partial"", ""risk"": ""input_ready""}",research_underwrite; investment_horizon; valuation; risk_assessment,company-tearsheet + initiating-coverage; comps-valuation; portfolio-risk-management,reports/public-equity-batch/2026-07-02-tw-kline/specialist_workorders/input_packets/tw-2542.packet.json,reports/public-equity-batch/2026-07-02-tw-kline/specialist_workorders/tw-2542.result.json,reports/public-equity-batch/2026-07-02-tw-kline/specialist_workorders/result_templates/tw-2542.result.template.md,reports/public-equity-batch/2026-07-02-tw-kline/specialist_workorders/validate_results_report.json
2851,中再保,unknown,"{""quote"": ""resolved"", ""official_evidence"": ""input_ready"", ""valuation"": ""input_partial"", ""risk"": ""input_ready""}",research_underwrite; investment_horizon; valuation; risk_assessment,company-tearsheet + initiating-coverage; comps-valuation; portfolio-risk-management,reports/public-equity-batch/2026-07-02-tw-kline/specialist_workorders/input_packets/tw-2851.packet.json,reports/public-equity-batch/2026-07-02-tw-kline/specialist_workorders/tw-2851.result.json,reports/public-equity-batch/2026-07-02-tw-kline/specialist_workorders/result_templates/tw-2851.result.template.md,reports/public-equity-batch/2026-07-02-tw-kline/specialist_workorders/validate_results_report.json
2884,玉山金,unknown,"{""quote"": ""resolved"", ""official_evidence"": ""input_ready"", ""valuation"": ""input_partial"", ""risk"": ""input_ready""}",research_underwrite; investment_horizon; valuation; risk_assessment,company-tearsheet + initiating-coverage; comps-valuation; portfolio-risk-management,reports/public-equity-batch/2026-07-02-tw-kline/specialist_workorders/input_packets/tw-2884.packet.json,reports/public-equity-batch/2026-07-02-tw-kline/specialist_workorders/tw-2884.result.json,reports/public-equity-batch/2026-07-02-tw-kline/specialist_workorders/result_templates/tw-2884.result.template.md,reports/public-equity-batch/2026-07-02-tw-kline/specialist_workorders/validate_results_report.json
3029,零壹,unknown,"{""quote"": ""resolved"", ""official_evidence"": ""input_ready"", ""valuation"": ""input_partial"", ""risk"": ""input_ready""}",research_underwrite; investment_horizon; valuation; risk_assessment,company-tearsheet + initiating-coverage; comps-valuation; portfolio-risk-management,reports/public-equity-batch/2026-07-02-tw-kline/specialist_workorders/input_packets/tw-3029.packet.json,reports/public-equity-batch/2026-07-02-tw-kline/specialist_workorders/tw-3029.result.json,reports/public-equity-batch/2026-07-02-tw-kline/specialist_workorders/result_templates/tw-3029.result.template.md,reports/public-equity-batch/2026-07-02-tw-kline/specialist_workorders/validate_results_report.json
3060,銘異,unknown,"{""quote"": ""resolved"", ""official_evidence"": ""input_ready"", ""valuation"": ""input_partial"", ""risk"": ""input_ready""}",research_underwrite; investment_horizon; valuation; risk_assessment,company-tearsheet + initiating-coverage; comps-valuation; portfolio-risk-management,reports/public-equity-batch/2026-07-02-tw-kline/specialist_workorders/input_packets/tw-3060.packet.json,reports/public-equity-batch/2026-07-02-tw-kline/specialist_workorders/tw-3060.result.json,reports/public-equity-batch/2026-07-02-tw-kline/specialist_workorders/result_templates/tw-3060.result.template.md,reports/public-equity-batch/2026-07-02-tw-kline/specialist_workorders/validate_results_report.json
3135,凌航,unknown,"{""quote"": ""resolved"", ""official_evidence"": ""input_ready"", ""valuation"": ""input_partial"", ""risk"": ""input_ready""}",research_underwrite; investment_horizon; valuation; risk_assessment,company-tearsheet + initiating-coverage; comps-valuation; portfolio-risk-management,reports/public-equity-batch/2026-07-02-tw-kline/specialist_workorders/input_packets/tw-3135.packet.json,reports/public-equity-batch/2026-07-02-tw-kline/specialist_workorders/tw-3135.result.json,reports/public-equity-batch/2026-07-02-tw-kline/specialist_workorders/result_templates/tw-3135.result.template.md,reports/public-equity-batch/2026-07-02-tw-kline/specialist_workorders/validate_results_report.json
3312,弘憶股,unknown,"{""quote"": ""resolved"", ""official_evidence"": ""input_ready"", ""valuation"": ""input_partial"", ""risk"": ""input_ready""}",research_underwrite; investment_horizon; valuation; risk_assessment,company-tearsheet + initiating-coverage; comps-valuation; portfolio-risk-management,reports/public-equity-batch/2026-07-02-tw-kline/specialist_workorders/input_packets/tw-3312.packet.json,reports/public-equity-batch/2026-07-02-tw-kline/specialist_workorders/tw-3312.result.json,reports/public-equity-batch/2026-07-02-tw-kline/specialist_workorders/result_templates/tw-3312.result.template.md,reports/public-equity-batch/2026-07-02-tw-kline/specialist_workorders/validate_results_report.json
3406,玉晶光,unknown,"{""quote"": ""resolved"", ""official_evidence"": ""input_ready"", ""valuation"": ""input_partial"", ""risk"": ""input_ready""}",research_underwrite; investment_horizon; valuation; risk_assessment,company-tearsheet + initiating-coverage; comps-valuation; portfolio-risk-management,reports/public-equity-batch/2026-07-02-tw-kline/specialist_workorders/input_packets/tw-3406.packet.json,reports/public-equity-batch/2026-07-02-tw-kline/specialist_workorders/tw-3406.result.json,reports/public-equity-batch/2026-07-02-tw-kline/specialist_workorders/result_templates/tw-3406.result.template.md,reports/public-equity-batch/2026-07-02-tw-kline/specialist_workorders/validate_results_report.json
3545,敦泰,unknown,"{""quote"": ""resolved"", ""official_evidence"": ""input_ready"", ""valuation"": ""input_partial"", ""risk"": ""input_ready""}",research_underwrite; investment_horizon; valuation; risk_assessment,company-tearsheet + initiating-coverage; comps-valuation; portfolio-risk-management,reports/public-equity-batch/2026-07-02-tw-kline/specialist_workorders/input_packets/tw-3545.packet.json,reports/public-equity-batch/2026-07-02-tw-kline/specialist_workorders/tw-3545.result.json,reports/public-equity-batch/2026-07-02-tw-kline/specialist_workorders/result_templates/tw-3545.result.template.md,reports/public-equity-batch/2026-07-02-tw-kline/specialist_workorders/validate_results_report.json
3653,健策,unknown,"{""quote"": ""resolved"", ""official_evidence"": ""input_ready"", ""valuation"": ""input_partial"", ""risk"": ""input_ready""}",research_underwrite; investment_horizon; valuation; risk_assessment,company-tearsheet + initiating-coverage; comps-valuation; portfolio-risk-management,reports/public-equity-batch/2026-07-02-tw-kline/specialist_workorders/input_packets/tw-3653.packet.json,reports/public-equity-batch/2026-07-02-tw-kline/specialist_workorders/tw-3653.result.json,reports/public-equity-batch/2026-07-02-tw-kline/specialist_workorders/result_templates/tw-3653.result.template.md,reports/public-equity-batch/2026-07-02-tw-kline/specialist_workorders/validate_results_report.json
3665,貿聯-KY,unknown,"{""quote"": ""resolved"", ""official_evidence"": ""input_ready"", ""valuation"": ""input_partial"", ""risk"": ""input_ready""}",research_underwrite; investment_horizon; valuation; risk_assessment,company-tearsheet + initiating-coverage; comps-valuation; portfolio-risk-management,reports/public-equity-batch/2026-07-02-tw-kline/specialist_workorders/input_packets/tw-3665.packet.json,reports/public-equity-batch/2026-07-02-tw-kline/specialist_workorders/tw-3665.result.json,reports/public-equity-batch/2026-07-02-tw-kline/specialist_workorders/result_templates/tw-3665.result.template.md,reports/public-equity-batch/2026-07-02-tw-kline/specialist_workorders/validate_results_report.json
4540,全球傳動,unknown,"{""quote"": ""resolved"", ""official_evidence"": ""input_ready"", ""valuation"": ""input_partial"", ""risk"": ""input_ready""}",research_underwrite; investment_horizon; valuation; risk_assessment,company-tearsheet + initiating-coverage; comps-valuation; portfolio-risk-management,reports/public-equity-batch/2026-07-02-tw-kline/specialist_workorders/input_packets/tw-4540.packet.json,reports/public-equity-batch/2026-07-02-tw-kline/specialist_workorders/tw-4540.result.json,reports/public-equity-batch/2026-07-02-tw-kline/specialist_workorders/result_templates/tw-4540.result.template.md,reports/public-equity-batch/2026-07-02-tw-kline/specialist_workorders/validate_results_report.json
4566,時碩工業,unknown,"{""quote"": ""resolved"", ""official_evidence"": ""input_ready"", ""valuation"": ""input_partial"", ""risk"": ""input_ready""}",research_underwrite; investment_horizon; valuation; risk_assessment,company-tearsheet + initiating-coverage; comps-valuation; portfolio-risk-management,reports/public-equity-batch/2026-07-02-tw-kline/specialist_workorders/input_packets/tw-4566.packet.json,reports/public-equity-batch/2026-07-02-tw-kline/specialist_workorders/tw-4566.result.json,reports/public-equity-batch/2026-07-02-tw-kline/specialist_workorders/result_templates/tw-4566.result.template.md,reports/public-equity-batch/2026-07-02-tw-kline/specialist_workorders/validate_results_report.json
4576,大銀微系統,unknown,"{""quote"": ""resolved"", ""official_evidence"": ""input_ready"", ""valuation"": ""input_partial"", ""risk"": ""input_ready""}",research_underwrite; investment_horizon; valuation; risk_assessment,company-tearsheet + initiating-coverage; comps-valuation; portfolio-risk-management,reports/public-equity-batch/2026-07-02-tw-kline/specialist_workorders/input_packets/tw-4576.packet.json,reports/public-equity-batch/2026-07-02-tw-kline/specialist_workorders/tw-4576.result.json,reports/public-equity-batch/2026-07-02-tw-kline/specialist_workorders/result_templates/tw-4576.result.template.md,reports/public-equity-batch/2026-07-02-tw-kline/specialist_workorders/validate_results_report.json
4720,德淵,unknown,"{""quote"": ""resolved"", ""official_evidence"": ""input_ready"", ""valuation"": ""input_partial"", ""risk"": ""input_ready""}",research_underwrite; investment_horizon; valuation; risk_assessment,company-tearsheet + initiating-coverage; comps-valuation; portfolio-risk-management,reports/public-equity-batch/2026-07-02-tw-kline/specialist_workorders/input_packets/tw-4720.packet.json,reports/public-equity-batch/2026-07-02-tw-kline/specialist_workorders/tw-4720.result.json,reports/public-equity-batch/2026-07-02-tw-kline/specialist_workorders/result_templates/tw-4720.result.template.md,reports/public-equity-batch/2026-07-02-tw-kline/specialist_workorders/validate_results_report.json
4739,康普,unknown,"{""quote"": ""resolved"", ""official_evidence"": ""input_ready"", ""valuation"": ""input_partial"", ""risk"": ""input_ready""}",research_underwrite; investment_horizon; valuation; risk_assessment,company-tearsheet + initiating-coverage; comps-valuation; portfolio-risk-management,reports/public-equity-batch/2026-07-02-tw-kline/specialist_workorders/input_packets/tw-4739.packet.json,reports/public-equity-batch/2026-07-02-tw-kline/specialist_workorders/tw-4739.result.json,reports/public-equity-batch/2026-07-02-tw-kline/specialist_workorders/result_templates/tw-4739.result.template.md,reports/public-equity-batch/2026-07-02-tw-kline/specialist_workorders/validate_results_report.json
4766,南寶,unknown,"{""quote"": ""resolved"", ""official_evidence"": ""input_ready"", ""valuation"": ""input_partial"", ""risk"": ""input_ready""}",research_underwrite; investment_horizon; valuation; risk_assessment,company-tearsheet + initiating-coverage; comps-valuation; portfolio-risk-management,reports/public-equity-batch/2026-07-02-tw-kline/specialist_workorders/input_packets/tw-4766.packet.json,reports/public-equity-batch/2026-07-02-tw-kline/specialist_workorders/tw-4766.result.json,reports/public-equity-batch/2026-07-02-tw-kline/specialist_workorders/result_templates/tw-4766.result.template.md,reports/public-equity-batch/2026-07-02-tw-kline/specialist_workorders/validate_results_report.json
4906,正文,unknown,"{""quote"": ""resolved"", ""official_evidence"": ""input_ready"", ""valuation"": ""input_partial"", ""risk"": ""input_ready""}",research_underwrite; investment_horizon; valuation; risk_assessment,company-tearsheet + initiating-coverage; comps-valuation; portfolio-risk-management,reports/public-equity-batch/2026-07-02-tw-kline/specialist_workorders/input_packets/tw-4906.packet.json,reports/public-equity-batch/2026-07-02-tw-kline/specialist_workorders/tw-4906.result.json,reports/public-equity-batch/2026-07-02-tw-kline/specialist_workorders/result_templates/tw-4906.result.template.md,reports/public-equity-batch/2026-07-02-tw-kline/specialist_workorders/validate_results_report.json
4952,凌通,unknown,"{""quote"": ""resolved"", ""official_evidence"": ""input_ready"", ""valuation"": ""input_partial"", ""risk"": ""input_ready""}",research_underwrite; investment_horizon; valuation; risk_assessment,company-tearsheet + initiating-coverage; comps-valuation; portfolio-risk-management,reports/public-equity-batch/2026-07-02-tw-kline/specialist_workorders/input_packets/tw-4952.packet.json,reports/public-equity-batch/2026-07-02-tw-kline/specialist_workorders/tw-4952.result.json,reports/public-equity-batch/2026-07-02-tw-kline/specialist_workorders/result_templates/tw-4952.result.template.md,reports/public-equity-batch/2026-07-02-tw-kline/specialist_workorders/validate_results_report.json
4961,天鈺,unknown,"{""quote"": ""resolved"", ""official_evidence"": ""input_ready"", ""valuation"": ""input_partial"", ""risk"": ""input_ready""}",research_underwrite; investment_horizon; valuation; risk_assessment,company-tearsheet + initiating-coverage; comps-valuation; portfolio-risk-management,reports/public-equity-batch/2026-07-02-tw-kline/specialist_workorders/input_packets/tw-4961.packet.json,reports/public-equity-batch/2026-07-02-tw-kline/specialist_workorders/tw-4961.result.json,reports/public-equity-batch/2026-07-02-tw-kline/specialist_workorders/result_templates/tw-4961.result.template.md,reports/public-equity-batch/2026-07-02-tw-kline/specialist_workorders/validate_results_report.json
4968,立積,unknown,"{""quote"": ""resolved"", ""official_evidence"": ""input_ready"", ""valuation"": ""input_partial"", ""risk"": ""input_ready""}",research_underwrite; investment_horizon; valuation; risk_assessment,company-tearsheet + initiating-coverage; comps-valuation; portfolio-risk-management,reports/public-equity-batch/2026-07-02-tw-kline/specialist_workorders/input_packets/tw-4968.packet.json,reports/public-equity-batch/2026-07-02-tw-kline/specialist_workorders/tw-4968.result.json,reports/public-equity-batch/2026-07-02-tw-kline/specialist_workorders/result_templates/tw-4968.result.template.md,reports/public-equity-batch/2026-07-02-tw-kline/specialist_workorders/validate_results_report.json
4976,佳凌,unknown,"{""quote"": ""resolved"", ""official_evidence"": ""input_ready"", ""valuation"": ""input_partial"", ""risk"": ""input_ready""}",research_underwrite; investment_horizon; valuation; risk_assessment,company-tearsheet + initiating-coverage; comps-valuation; portfolio-risk-management,reports/public-equity-batch/2026-07-02-tw-kline/specialist_workorders/input_packets/tw-4976.packet.json,reports/public-equity-batch/2026-07-02-tw-kline/specialist_workorders/tw-4976.result.json,reports/public-equity-batch/2026-07-02-tw-kline/specialist_workorders/result_templates/tw-4976.result.template.md,reports/public-equity-batch/2026-07-02-tw-kline/specialist_workorders/validate_results_report.json
5469,瀚宇博,unknown,"{""quote"": ""resolved"", ""official_evidence"": ""input_ready"", ""valuation"": ""input_partial"", ""risk"": ""input_ready""}",research_underwrite; investment_horizon; valuation; risk_assessment,company-tearsheet + initiating-coverage; comps-valuation; portfolio-risk-management,reports/public-equity-batch/2026-07-02-tw-kline/specialist_workorders/input_packets/tw-5469.packet.json,reports/public-equity-batch/2026-07-02-tw-kline/specialist_workorders/tw-5469.result.json,reports/public-equity-batch/2026-07-02-tw-kline/specialist_workorders/result_templates/tw-5469.result.template.md,reports/public-equity-batch/2026-07-02-tw-kline/specialist_workorders/validate_results_report.json
5471,松翰,unknown,"{""quote"": ""resolved"", ""official_evidence"": ""input_ready"", ""valuation"": ""input_partial"", ""risk"": ""input_ready""}",research_underwrite; investment_horizon; valuation; risk_assessment,company-tearsheet + initiating-coverage; comps-valuation; portfolio-risk-management,reports/public-equity-batch/2026-07-02-tw-kline/specialist_workorders/input_packets/tw-5471.packet.json,reports/public-equity-batch/2026-07-02-tw-kline/specialist_workorders/tw-5471.result.json,reports/public-equity-batch/2026-07-02-tw-kline/specialist_workorders/result_templates/tw-5471.result.template.md,reports/public-equity-batch/2026-07-02-tw-kline/specialist_workorders/validate_results_report.json
5484,慧友,unknown,"{""quote"": ""resolved"", ""official_evidence"": ""input_ready"", ""valuation"": ""input_partial"", ""risk"": ""input_ready""}",research_underwrite; investment_horizon; valuation; risk_assessment,company-tearsheet + initiating-coverage; comps-valuation; portfolio-risk-management,reports/public-equity-batch/2026-07-02-tw-kline/specialist_workorders/input_packets/tw-5484.packet.json,reports/public-equity-batch/2026-07-02-tw-kline/specialist_workorders/tw-5484.result.json,reports/public-equity-batch/2026-07-02-tw-kline/specialist_workorders/result_templates/tw-5484.result.template.md,reports/public-equity-batch/2026-07-02-tw-kline/specialist_workorders/validate_results_report.json
6235,華孚,unknown,"{""quote"": ""resolved"", ""official_evidence"": ""input_ready"", ""valuation"": ""input_partial"", ""risk"": ""input_ready""}",research_underwrite; investment_horizon; valuation; risk_assessment,company-tearsheet + initiating-coverage; comps-valuation; portfolio-risk-management,reports/public-equity-batch/2026-07-02-tw-kline/specialist_workorders/input_packets/tw-6235.packet.json,reports/public-equity-batch/2026-07-02-tw-kline/specialist_workorders/tw-6235.result.json,reports/public-equity-batch/2026-07-02-tw-kline/specialist_workorders/result_templates/tw-6235.result.template.md,reports/public-equity-batch/2026-07-02-tw-kline/specialist_workorders/validate_results_report.json
6285,啟碁,unknown,"{""quote"": ""resolved"", ""official_evidence"": ""input_ready"", ""valuation"": ""input_partial"", ""risk"": ""input_ready""}",research_underwrite; investment_horizon; valuation; risk_assessment,company-tearsheet + initiating-coverage; comps-valuation; portfolio-risk-management,reports/public-equity-batch/2026-07-02-tw-kline/specialist_workorders/input_packets/tw-6285.packet.json,reports/public-equity-batch/2026-07-02-tw-kline/specialist_workorders/tw-6285.result.json,reports/public-equity-batch/2026-07-02-tw-kline/specialist_workorders/result_templates/tw-6285.result.template.md,reports/public-equity-batch/2026-07-02-tw-kline/specialist_workorders/validate_results_report.json
6414,樺漢,unknown,"{""quote"": ""resolved"", ""official_evidence"": ""input_ready"", ""valuation"": ""input_partial"", ""risk"": ""input_ready""}",research_underwrite; investment_horizon; valuation; risk_assessment,company-tearsheet + initiating-coverage; comps-valuation; portfolio-risk-management,reports/public-equity-batch/2026-07-02-tw-kline/specialist_workorders/input_packets/tw-6414.packet.json,reports/public-equity-batch/2026-07-02-tw-kline/specialist_workorders/tw-6414.result.json,reports/public-equity-batch/2026-07-02-tw-kline/specialist_workorders/result_templates/tw-6414.result.template.md,reports/public-equity-batch/2026-07-02-tw-kline/specialist_workorders/validate_results_report.json
6491,晶碩,unknown,"{""quote"": ""resolved"", ""official_evidence"": ""input_ready"", ""valuation"": ""input_partial"", ""risk"": ""input_ready""}",research_underwrite; investment_horizon; valuation; risk_assessment,company-tearsheet + initiating-coverage; comps-valuation; portfolio-risk-management,reports/public-equity-batch/2026-07-02-tw-kline/specialist_workorders/input_packets/tw-6491.packet.json,reports/public-equity-batch/2026-07-02-tw-kline/specialist_workorders/tw-6491.result.json,reports/public-equity-batch/2026-07-02-tw-kline/specialist_workorders/result_templates/tw-6491.result.template.md,reports/public-equity-batch/2026-07-02-tw-kline/specialist_workorders/validate_results_report.json
6515,穎崴,unknown,"{""quote"": ""resolved"", ""official_evidence"": ""input_ready"", ""valuation"": ""input_partial"", ""risk"": ""input_ready""}",research_underwrite; investment_horizon; valuation; risk_assessment,company-tearsheet + initiating-coverage; comps-valuation; portfolio-risk-management,reports/public-equity-batch/2026-07-02-tw-kline/specialist_workorders/input_packets/tw-6515.packet.json,reports/public-equity-batch/2026-07-02-tw-kline/specialist_workorders/tw-6515.result.json,reports/public-equity-batch/2026-07-02-tw-kline/specialist_workorders/result_templates/tw-6515.result.template.md,reports/public-equity-batch/2026-07-02-tw-kline/specialist_workorders/validate_results_report.json
8215,明基材,unknown,"{""quote"": ""resolved"", ""official_evidence"": ""input_ready"", ""valuation"": ""input_partial"", ""risk"": ""input_ready""}",research_underwrite; investment_horizon; valuation; risk_assessment,company-tearsheet + initiating-coverage; comps-valuation; portfolio-risk-management,reports/public-equity-batch/2026-07-02-tw-kline/specialist_workorders/input_packets/tw-8215.packet.json,reports/public-equity-batch/2026-07-02-tw-kline/specialist_workorders/tw-8215.result.json,reports/public-equity-batch/2026-07-02-tw-kline/specialist_workorders/result_templates/tw-8215.result.template.md,reports/public-equity-batch/2026-07-02-tw-kline/specialist_workorders/validate_results_report.json
8374,羅昇,unknown,"{""quote"": ""resolved"", ""official_evidence"": ""input_ready"", ""valuation"": ""input_partial"", ""risk"": ""input_ready""}",research_underwrite; investment_horizon; valuation; risk_assessment,company-tearsheet + initiating-coverage; comps-valuation; portfolio-risk-management,reports/public-equity-batch/2026-07-02-tw-kline/specialist_workorders/input_packets/tw-8374.packet.json,reports/public-equity-batch/2026-07-02-tw-kline/specialist_workorders/tw-8374.result.json,reports/public-equity-batch/2026-07-02-tw-kline/specialist_workorders/result_templates/tw-8374.result.template.md,reports/public-equity-batch/2026-07-02-tw-kline/specialist_workorders/validate_results_report.json
